url,politics,family,move,live,eat
us,,,,,
opinion,,,,,
health,,,,,
crosswords,,,,,
pageoneplus,,,,,
todayspaper,,,,,
world,,,,,
world,,,,,
us,,,,,
us,politics,,,,
science,,,,,
science,,,,,
science,,,,,
arts,,,,,
world,,,,,
business,,,,,
world,,,,,
world,,,,,
magazine,,,,,
magazine,,,,,
magazine,,,,,
books,,,,,
well,,,,,eat
magazine,,,,,
magazine,,,,,
well,,,,,
well,,,move,,
travel,,,,,
technology,,,,,
nyregion,,,,,
movies,,,,,
arts,,,,,
us,,,,,
us,politics,,,,
realestate,,,,,
us,,,,,
realestate,,,,,
business,,,,,
us,politics,,,,
business,,,,,
world,,,,,
world,,,,,
world,,,,,
realestate,,,,,
realestate,,,,,
world,,,,,
realestate,,,,,
realestate,,,,,
world,,,,,
sports,,,,,
movies,,,,,
theater,,,,,
movies,,,,,
dining,,,,,
us,,,,,
movies,,,,,
opinion,,,,,
world,,,,,
opinion,,,,,
style,,,,,
opinion,,,,,
movies,,,,,
parenting,,,,,
opinion,,,,,
business,,,,,
health,,,,,
health,,,,,
nyregion,,,,,
us,politics,,,,
arts,,,,,
arts,,,,,
world,,,,,
world,,,,,
books,,,,,
opinion,,,,,
opinion,,,,,
nyregion,,,,,
opinion,,,,,
nyregion,,,,,
briefing,,,,,
climate,,,,,
sports,,,,,
opinion,,,,,
nyregion,,,,,
sports,,,,,
us,politics,,,,
us,,,,,
us,politics,,,,
us,,,,,
smarter-living,,,,,
opinion,,,,,
opinion,,,,,
us,,,,,
sports,,,,,
sports,,,,,
crosswords,,,,,
obituaries,,,,,
pageoneplus,,,,,
world,,,,,
todayspaper,,,,,
world,,,,,
briefing,,,,,
arts,,,,,
learning,,,,,
world,,,,,
learning,,,,,
arts,,,,,
sports,,,,,
world,,,,,
learning,,,,,
realestate,,,,,
learning,,,,,
style,,,,,
books,,,,,
books,,,,,
style,,,,,
travel,,,,,
reader-center,,,,,
opinion,,,,,
opinion,,,,,
us,,,,,
opinion,,,,,
arts,,,,,
style,,,,,
books,,,,,
travel,,,,,
nyregion,,,,,
style,,,,,
movies,,,,,
style,,,,,
health,,,,,
us,politics,,,,
nyregion,,,,,
briefing,,,,,
business,,,,,
podcasts,,,,,
us,politics,,,,
business,,,,,
world,,,,,
business,,,,,
movies,,,,,
movies,,,,,
arts,,,,,
sports,,,,,
style,,,,,
realestate,,,,,
realestate,,,,,
realestate,,,,,
realestate,,,,,
us,politics,,,,
realestate,,,,,
world,,,,,
theater,,,,,
movies,,,,,
movies,,,,,
movies,,,,,
opinion,,,,,
arts,,,,,
world,,,,,
sports,,,,,
arts,,,,,
theater,,,,,
travel,,,,,
t-magazine,,,,,
opinion,,,,,
technology,,,,,
books,,,,,
magazine,,,,,
movies,,,,,
business,,,,,
us,,,,,
dining,,,,,
dining,,,,,
us,politics,,,,
style,,,,,
health,,,,,
business,,,,,
opinion,,,,,
briefing,,,,,
business,,,,,
movies,,,,,
world,,,,,
world,,,,,
us,,,,,
arts,,,,,
sports,,,,,
world,,,,,
us,,,,,
learning,,,,,
theater,,,,,
us,,,,,
learning,,,,,
arts,,,,,
movies,,,,,
arts,,,,,
arts,,,,,
arts,,,,,
arts,,,,,
arts,,,,,
theater,,,,,
arts,,,,,
learning,,,,,
arts,,,,,
world,,,,,
nyregion,,,,,
opinion,,,,,
sports,,,,,
sports,,,,,
sports,,,,,
briefing,,,,,
arts,,,,,
opinion,,,,,
opinion,,,,,
us,politics,,,,
us,politics,,,,
climate,,,,,
us,politics,,,,
opinion,,,,,
nyregion,,,,,
nyregion,,,,,
world,,,,,
opinion,,,,,
us,,,,,
crosswords,,,,,
us,politics,,,,
todayspaper,,,,,
pageoneplus,,,,,
us,,,,,
world,,,,,
us,politics,,,,
style,,,,,
world,,,,,
arts,,,,,
briefing,,,,,
world,,,,,
learning,,,,,
business,,,,,
opinion,,,,,
learning,,,,,
briefing,,,,,
business,,,,,
learning,,,,,
well,,,,live,
opinion,,,,,
opinion,,,,,
opinion,,,,,
opinion,,,,,
opinion,,,,,
opinion,,,,,
opinion,,,,,
books,,,,,
opinion,,,,,
books,,,,,
books,,,,,
books,,,,,
upshot,,,,,
books,,,,,
opinion,,,,,
business,,,,,
science,,,,,
well,,family,,,
business,,,,,
upshot,,,,,
opinion,,,,,
well,,,,,eat
opinion,,,,,
nyregion,,,,,
opinion,,,,,
learning,,,,,
nyregion,,,,,
us,,,,,
us,,,,,
opinion,,,,,
business,,,,,
realestate,,,,,
sports,,,,,
opinion,,,,,
style,,,,,
nyregion,,,,,
nyregion,,,,,
us,politics,,,,
movies,,,,,
books,,,,,
opinion,,,,,
opinion,,,,,
opinion,,,,,
opinion,,,,,
opinion,,,,,
nyregion,,,,,
world,,,,,
us,politics,,,,
fashion,,,,,
podcasts,,,,,
briefing,,,,,
business,,,,,
world,,,,,
obituaries,,,,,
arts,,,,,
world,,,,,
world,,,,,
opinion,,,,,
business,,,,,
us,,,,,
us,politics,,,,
your-money,,,,,
business,,,,,
sports,,,,,
sports,,,,,
world,,,,,
world,,,,,
travel,,,,,
realestate,,,,,
health,,,,,
movies,,,,,
movies,,,,,
realestate,,,,,
arts,,,,,
arts,,,,,
arts,,,,,
opinion,,,,,
dining,,,,,
world,,,,,
arts,,,,,
nyregion,,,,,
us,politics,,,,
dining,,,,,
world,,,,,
world,,,,,
movies,,,,,
arts,,,,,
magazine,,,,,
dining,,,,,
arts,,,,,
nyregion,,,,,
arts,,,,,
magazine,,,,,
world,,,,,
world,,,,,
world,,,,,
business,,,,,
us,,,,,
us,politics,,,,
style,,,,,
science,,,,,
world,,,,,
business,,,,,
dining,,,,,
books,,,,,
world,,,,,
business,,,,,
upshot,,,,,
opinion,,,,,
books,,,,,
world,,,,,
world,,,,,
world,,,,,
sports,,,,,
fashion,,,,,
style,,,,,
us,,,,,
us,politics,,,,
movies,,,,,
sports,,,,,
opinion,,,,,
climate,,,,,
opinion,,,,,
us,politics,,,,
arts,,,,,
reader-center,,,,,
climate,,,,,
theater,,,,,
arts,,,,,
briefing,,,,,
us,politics,,,,
business,,,,,
sports,,,,,
nyregion,,,,,
science,,,,,
us,,,,,
world,,,,,
us,politics,,,,
us,politics,,,,
us,politics,,,,
opinion,,,,,
opinion,,,,,
us,,,,,
us,politics,,,,
crosswords,,,,,
world,,,,,
us,politics,,,,
opinion,,,,,
todayspaper,,,,,
world,,,,,
arts,,,,,
your-money,,,,,
business,,,,,
briefing,,,,,
world,,,,,
us,politics,,,,
neediest-cases,,,,,
us,,,,,
reader-center,,,,,
style,,,,,
business,,,,,
travel,,,,,
style,,,,,
us,,,,,
style,,,,,
sports,,,,,
style,,,,,
world,,,,,
well,,,move,,
world,,,,,
movies,,,,,
admin,,,,,
fashion,,,,,
realestate,,,,,
world,,,,,
opinion,,,,,
us,politics,,,,
us,,,,,
fashion,,,,,
arts,,,,,
crosswords,,,,,
world,,,,,
world,,,,,
us,politics,,,,
world,,,,,
us,,,,,
world,,,,,
world,,,,,
us,,,,,
us,,,,,
world,,,,,
fashion,,,,,
sports,,,,,
opinion,,,,,
world,,,,,
us,politics,,,,
opinion,,,,,
us,,,,,
world,,,,,
crosswords,,,,,
us,,,,,
us,,,,,
sports,,,,,
us,politics,,,,
business,,,,,
arts,,,,,
todayspaper,,,,,
sports,,,,,
opinion,,,,,
sports,,,,,
world,,,,,
fashion,,,,,
fashion,,,,,
fashion,,,,,
fashion,,,,,
fashion,,,,,
fashion,,,,,
fashion,,,,,
fashion,,,,,
fashion,,,,,
fashion,,,,,
fashion,,,,,
fashion,,,,,
pageoneplus,,,,,
arts,,,,,
world,,,,,
business,,,,,
nyregion,,,,,
nyregion,,,,,
world,,,,,
world,,,,,
us,,,,,
us,,,,,
neediest-cases,,,,,
reader-center,,,,,
realestate,,,,,
science,,,,,
briefing,,,,,
business,,,,,
world,,,,,
us,,,,,
fashion,,,,,
arts,,,,,
movies,,,,,
dining,,,,,
sports,,,,,
us,politics,,,,
opinion,,,,,
world,,,,,
world,,,,,
opinion,,,,,
movies,,,,,
opinion,,,,,
world,,,,,
us,politics,,,,
business,,,,,
nyregion,,,,,
movies,,,,,
us,politics,,,,
us,,,,,
world,,,,,
fashion,,,,,
world,,,,,
briefing,,,,,
business,,,,,
us,,,,,
world,,,,,
opinion,,,,,
business,,,,,
world,,,,,
sports,,,,,
learning,,,,,
style,,,,,
world,,,,,
fashion,,,,,
crosswords,,,,,
arts,,,,,
us,politics,,,,
opinion,,,,,
movies,,,,,
opinion,,,,,
world,,,,,
us,politics,,,,
us,politics,,,,
opinion,,,,,
arts,,,,,
sports,,,,,
world,,,,,
movies,,,,,
us,politics,,,,
us,politics,,,,
movies,,,,,
world,,,,,
arts,,,,,
smarter-living,,,,,
business,,,,,
todayspaper,,,,,
arts,,,,,
pageoneplus,,,,,
arts,,,,,
movies,,,,,
sports,,,,,
movies,,,,,
briefing,,,,,
movies,,,,,
arts,,,,,
sports,,,,,
business,,,,,
learning,,,,,
world,,,,,
learning,,,,,
books,,,,,
magazine,,,,,
well,,,,live,
neediest-cases,,,,,
upshot,,,,,
well,,,,live,
reader-center,,,,,
opinion,,,,,
well,,family,,,
learning,,,,,
nyregion,,,,,
us,,,,,
opinion,,,,,
realestate,,,,,
opinion,,,,,
opinion,,,,,
us,,,,,
opinion,,,,,
opinion,,,,,
opinion,,,,,
us,politics,,,,
books,,,,,
science,,,,,
science,,,,,
travel,,,,,
world,,,,,
opinion,,,,,
nyregion,,,,,
briefing,,,,,
us,politics,,,,
podcasts,,,,,
business,,,,,
world,,,,,
style,,,,,
us,,,,,
realestate,,,,,
realestate,,,,,
us,politics,,,,
us,,,,,
movies,,,,,
learning,,,,,
video,,,,,
sports,,,,,
theater,,,,,
dining,,,,,
us,,,,,
health,,,,,
crosswords,,,,,
us,,,,,
nyregion,,,,,
nyregion,,,,,
us,politics,,,,
arts,,,,,
climate,,,,,
sports,,,,,
world,,,,,
sports,,,,,
dining,,,,,
technology,,,,,
arts,,,,,
fashion,,,,,
style,,,,,
technology,,,,,
dining,,,,,
fashion,,,,,
dining,,,,,
world,,,,,
style,,,,,
arts,,,,,
nyregion,,,,,
books,,,,,
movies,,,,,
theater,,,,,
world,,,,,
business,,,,,
movies,,,,,
theater,,,,,
dining,,,,,
business,,,,,
business,,,,,
world,,,,,
world,,,,,
us,politics,,,,
theater,,,,,
travel,,,,,
us,,,,,
briefing,,,,,
video,,,,,
world,,,,,
opinion,,,,,
opinion,,,,,
us,politics,,,,
movies,,,,,
t-magazine,,,,,
smarter-living,,,,,
us,politics,,,,
briefing,,,,,
nyregion,,,,,
us,politics,,,,
opinion,,,,,
us,politics,,,,
business,,,,,
world,,,,,
dining,,,,,
dining,,,,,
dining,,,,,
dining,,,,,
world,,,,,
arts,,,,,
us,politics,,,,
dining,,,,,
business,,,,,
world,,,,,
us,,,,,
opinion,,,,,
world,,,,,
us,politics,,,,
us,politics,,,,
us,,,,,
us,,,,,
reader-center,,,,,
us,politics,,,,
crosswords,,,,,
todayspaper,,,,,
smarter-living,,,,,
pageoneplus,,,,,
briefing,,,,,
technology,,,,,
world,,,,,
arts,,,,,
learning,,,,,
science,,,,,
world,,,,,
learning,,,,,
sports,,,,,
business,,,,,
arts,,,,,
learning,,,,,
us,,,,,
business,,,,,
magazine,,,,,
books,,,,,
magazine,,,,,
magazine,,,,,
books,,,,,
books,,,,,
books,,,,,
books,,,,,
books,,,,,
well,,,,live,
books,,,,,
well,,,,,
books,,,,,
books,,,,,
books,,,,,
learning,,,,,
opinion,,,,,
nyregion,,,,,
well,,,,,
sports,,,,,
opinion,,,,,
world,,,,,
opinion,,,,,
arts,,,,,
opinion,,,,,
us,politics,,,,
style,,,,,
magazine,,,,,
business,,,,,
us,,,,,
realestate,,,,,
us,,,,,
opinion,,,,,
style,,,,,
books,,,,,
nyregion,,,,,
movies,,,,,
briefing,,,,,
podcasts,,,,,
business,,,,,
world,,,,,
learning,,,,,
world,,,,,
neediest-cases,,,,,
opinion,,,,,
world,,,,,
business,,,,,
us,politics,,,,
realestate,,,,,
realestate,,,,,
us,,,,,
world,,,,,
world,,,,,
arts,,,,,
sports,,,,,
fashion,,,,,
business,,,,,
books,,,,,
nyregion,,,,,
dining,,,,,
us,,,,,
books,,,,,
opinion,,,,,
dining,,,,,
dining,,,,,
arts,,,,,
technology,,,,,
us,,,,,
nyregion,,,,,
movies,,,,,
sports,,,,,
dining,,,,,
science,,,,,
books,,,,,
us,,,,,
dining,,,,,
business,,,,,
climate,,,,,
us,politics,,,,
business,,,,,
learning,,,,,
arts,,,,,
us,politics,,,,
business,,,,,
opinion,,,,,
nyregion,,,,,
obituaries,,,,,
technology,,,,,
technology,,,,,
books,,,,,
movies,,,,,
world,,,,,
books,,,,,
style,,,,,
us,politics,,,,
us,politics,,,,
arts,,,,,
arts,,,,,
opinion,,,,,
us,,,,,
opinion,,,,,
business,,,,,
us,,,,,
opinion,,,,,
theater,,,,,
opinion,,,,,
technology,,,,,
style,,,,,
us,politics,,,,
t-magazine,,,,,
briefing,,,,,
books,,,,,
technology,,,,,
magazine,,,,,
sports,,,,,
arts,,,,,
nyregion,,,,,
business,,,,,
world,,,,,
smarter-living,,,,,
world,,,,,
us,politics,,,,
world,,,,,
world,,,,,
opinion,,,,,
us,,,,,
briefing,,,,,
us,,,,,
science,,,,,
us,politics,,,,
us,,,,,
arts,,,,,
us,politics,,,,
us,politics,,,,
opinion,,,,,
world,,,,,
us,politics,,,,
opinion,,,,,
us,politics,,,,
opinion,,,,,
us,politics,,,,
us,,,,,
us,politics,,,,
crosswords,,,,,
world,,,,,
world,,,,,
pageoneplus,,,,,
todayspaper,,,,,
world,,,,,
business,,,,,
arts,,,,,
theater,,,,,
business,,,,,
world,,,,,
us,,,,,
briefing,,,,,
opinion,,,,,
arts,,,,,
learning,,,,,
arts,,,,,
learning,,,,,
nyregion,,,,,
world,,,,,
world,,,,,
learning,,,,,
technology,,,,,
world,,,,,
magazine,,,,,
nyregion,,,,,
magazine,,,,,
books,,,,,
learning,,,,,
well,,,move,,
magazine,,,,,
opinion,,,,,
well,,,,,eat
travel,,,,,
movies,,,,,
style,,,,,
opinion,,,,,
opinion,,,,,
opinion,,,,,
opinion,,,,,
nyregion,,,,,
opinion,,,,,
opinion,,,,,
us,,,,,
reader-center,,,,,
style,,,,,
realestate,,,,,
world,,,,,
realestate,,,,,
realestate,,,,,
realestate,,,,,
nyregion,,,,,
world,,,,,
briefing,,,,,
world,,,,,
podcasts,,,,,
business,,,,,
health,,,,,
world,,,,,
climate,,,,,
arts,,,,,
sports,,,,,
parenting,,,,,
us,,,,,
world,,,,,
fashion,,,,,
health,,,,,
realestate,,,,,
realestate,,,,,
arts,,,,,
world,,,,,
world,,,,,
sports,,,,,
us,,,,,
dining,,,,,
opinion,,,,,
opinion,,,,,
opinion,,,,,
sports,,,,,
arts,,,,,
arts,,,,,
style,,,,,
world,,,,,
world,,,,,
world,,,,,
us,politics,,,,
business,,,,,
world,,,,,
theater,,,,,
movies,,,,,
us,politics,,,,
nyregion,,,,,
world,,,,,
science,,,,,
opinion,,,,,
us,politics,,,,
science,,,,,
technology,,,,,
us,politics,,,,
theater,,,,,
us,,,,,
world,,,,,
books,,,,,
t-magazine,,,,,
opinion,,,,,
opinion,,,,,
opinion,,,,,
opinion,,,,,
theater,,,,,
technology,,,,,
climate,,,,,
travel,,,,,
business,,,,,
us,politics,,,,
obituaries,,,,,
books,,,,,
briefing,,,,,
movies,,,,,
arts,,,,,
health,,,,,
upshot,,,,,
opinion,,,,,
style,,,,,
business,,,,,
business,,,,,
books,,,,,
nyregion,,,,,
health,,,,,
briefing,,,,,
opinion,,,,,
us,politics,,,,
us,,,,,
movies,,,,,
world,,,,,
opinion,,,,,
us,politics,,,,
nyregion,,,,,
us,politics,,,,
business,,,,,
opinion,,,,,
opinion,,,,,
world,,,,,
us,,,,,
opinion,,,,,
us,,,,,
world,,,,,
opinion,,,,,
us,politics,,,,
us,politics,,,,
world,,,,,
health,,,,,
crosswords,,,,,
us,,,,,
pageoneplus,,,,,
todayspaper,,,,,
us,politics,,,,
briefing,,,,,
arts,,,,,
learning,,,,,
learning,,,,,
nyregion,,,,,
sports,,,,,
sports,,,,,
arts,,,,,
learning,,,,,
magazine,,,,,
books,,,,,
magazine,,,,,
books,,,,,
learning,,,,,
style,,,,,
well,,,,live,
realestate,,,,,
opinion,,,,,
books,,,,,
opinion,,,,,
style,,,,,
opinion,,,,,
opinion,,,,,
books,,,,,
travel,,,,,
opinion,,,,,
opinion,,,,,
us,politics,,,,
us,politics,,,,
reader-center,,,,,
opinion,,,,,
science,,,,,
business,,,,,
us,,,,,
business,,,,,
opinion,,,,,
arts,,,,,
nyregion,,,,,
nyregion,,,,,
briefing,,,,,
podcasts,,,,,
technology,,,,,
business,,,,,
business,,,,,
movies,,,,,
movies,,,,,
movies,,,,,
movies,,,,,
movies,,,,,
world,,,,,
world,,,,,
opinion,,,,,
world,,,,,
t-magazine,,,,,
realestate,,,,,
realestate,,,,,
realestate,,,,,
realestate,,,,,
climate,,,,,
us,,,,,
science,,,,,
science,,,,,
realestate,,,,,
opinion,,,,,
nyregion,,,,,
style,,,,,
movies,,,,,
theater,,,,,
t-magazine,,,,,
dining,,,,,
dining,,,,,
science,,,,,
world,,,,,
movies,,,,,
arts,,,,,
world,,,,,
learning,,,,,
us,politics,,,,
opinion,,,,,
opinion,,,,,
us,politics,,,,
style,,,,,
business,,,,,
books,,,,,
arts,,,,,
business,,,,,
sports,,,,,
movies,,,,,
movies,,,,,
opinion,,,,,
business,,,,,
us,politics,,,,
us,politics,,,,
arts,,,,,
world,,,,,
us,,,,,
nyregion,,,,,
science,,,,,
science,,,,,
nyregion,,,,,
arts,,,,,
arts,,,,,
business,,,,,
theater,,,,,
learning,,,,,
upshot,,,,,
learning,,,,,
style,,,,,
us,,,,,
world,,,,,
video,,,,,
movies,,,,,
briefing,,,,,
opinion,,,,,
arts,,,,,
us,politics,,,,
us,,,,,
us,,,,,
parenting,,,,,
us,,,,,
world,,,,,
science,,,,,
world,,,,,
books,,,,,
us,,,,,
well,,,,live,
business,,,,,
arts,,,,,
arts,,,,,
arts,,,,,
arts,,,,,
arts,,,,,
arts,,,,,
arts,,,,,
theater,,,,,
movies,,,,,
movies,,,,,
magazine,,,,,
business,,,,,
arts,,,,,
world,,,,,
briefing,,,,,
theater,,,,,
arts,,,,,
opinion,,,,,
us,,,,,
health,,,,,
sports,,,,,
opinion,,,,,
science,,,,,
world,,,,,
business,,,,,
nyregion,,,,,
sports,,,,,
us,politics,,,,
health,,,,,
opinion,,,,,
us,,,,,
opinion,,,,,
opinion,,,,,
us,politics,,,,
us,politics,,,,
nyregion,,,,,
opinion,,,,,
world,,,,,
us,politics,,,,
us,politics,,,,
nyregion,,,,,
us,politics,,,,
business,,,,,
upshot,,,,,
opinion,,,,,
todayspaper,,,,,
crosswords,,,,,
health,,,,,
pageoneplus,,,,,
reader-center,,,,,
world,,,,,
books,,,,,
style,,,,,
movies,,,,,
briefing,,,,,
world,,,,,
arts,,,,,
opinion,,,,,
learning,,,,,
arts,,,,,
learning,,,,,
sports,,,,,
sports,,,,,
us,politics,,,,
briefing,,,,,
world,,,,,
well,,,,live,
books,,,,,
books,,,,,
opinion,,,,,
well,,family,,,
learning,,,,,
style,,,,,
books,,,,,
style,,,,,
opinion,,,,,
nyregion,,,,,
arts,,,,,
nyregion,,,,,
opinion,,,,,
us,politics,,,,
business,,,,,
opinion,,,,,
science,,,,,
nyregion,,,,,
business,,,,,
nyregion,,,,,
opinion,,,,,
travel,,,,,
opinion,,,,,
opinion,,,,,
technology,,,,,
theater,,,,,
world,,,,,
realestate,,,,,
nyregion,,,,,
sports,,,,,
opinion,,,,,
arts,,,,,
style,,,,,
briefing,,,,,
nyregion,,,,,
fashion,,,,,
podcasts,,,,,
business,,,,,
the-weekly,,,,,
world,,,,,
us,politics,,,,
world,,,,,
learning,,,,,
business,,,,,
technology,,,,,
your-money,,,,,
your-money,,,,,
realestate,,,,,
sports,,,,,
us,,,,,
magazine,,,,,
arts,,,,,
opinion,,,,,
movies,,,,,
arts,,,,,
arts,,,,,
arts,,,,,
upshot,,,,,
books,,,,,
world,,,,,
dining,,,,,
magazine,,,,,
us,politics,,,,
nyregion,,,,,
us,politics,,,,
movies,,,,,
opinion,,,,,
dining,,,,,
movies,,,,,
arts,,,,,
arts,,,,,
us,politics,,,,
arts,,,,,
business,,,,,
world,,,,,
us,politics,,,,
dining,,,,,
your-money,,,,,
world,,,,,
theater,,,,,
us,,,,,
opinion,,,,,
technology,,,,,
books,,,,,
arts,,,,,
us,politics,,,,
style,,,,,
business,,,,,
arts,,,,,
arts,,,,,
world,,,,,
us,,,,,
business,,,,,
sports,,,,,
sports,,,,,
us,politics,,,,
world,,,,,
business,,,,,
books,,,,,
world,,,,,
podcasts,,,,,
world,,,,,
us,politics,,,,
nyregion,,,,,
technology,,,,,
business,,,,,
world,,,,,
us,,,,,
world,,,,,
arts,,,,,
health,,,,,
opinion,,,,,
dining,,,,,
upshot,,,,,
us,,,,,
us,,,,,
world,,,,,
world,,,,,
nyregion,,,,,
business,,,,,
smarter-living,,,,,
fashion,,,,,
world,,,,,
briefing,,,,,
us,politics,,,,
books,,,,,
business,,,,,
books,,,,,
opinion,,,,,
nyregion,,,,,
opinion,,,,,
us,politics,,,,
world,,,,,
business,,,,,
education,,,,,
opinion,,,,,
world,,,,,
us,politics,,,,
opinion,,,,,
world,,,,,
us,politics,,,,
world,,,,,
world,,,,,
business,,,,,
world,,,,,
business,,,,,
crosswords,,,,,
world,,,,,
world,,,,,
world,,,,,
todayspaper,,,,,
world,,,,,
pageoneplus,,,,,
opinion,,,,,
fashion,,,,,
arts,,,,,
world,,,,,
sports,,,,,
us,politics,,,,
nyregion,,,,,
neediest-cases,,,,,
style,,,,,
reader-center,,,,,
style,,,,,
briefing,,,,,
us,politics,,,,
science,,,,,
science,,,,,
world,,,,,
world,,,,,
fashion,,,,,
world,,,,,
well,,family,,,
business,,,,,
world,,,,,
world,,,,,
world,,,,,
health,,,,,
world,,,,,
realestate,,,,,
sports,,,,,
world,,,,,
opinion,,,,,
admin,,,,,
us,politics,,,,
business,,,,,
opinion,,,,,
opinion,,,,,
sports,,,,,
crosswords,,,,,
us,politics,,,,
world,,,,,
fashion,,,,,
us,,,,,
opinion,,,,,
opinion,,,,,
sports,,,,,
us,,,,,
us,,,,,
arts,,,,,
opinion,,,,,
fashion,,,,,
world,,,,,
us,politics,,,,
world,,,,,
crosswords,,,,,
crosswords,,,,,
crosswords,,,,,
us,,,,,
business,,,,,
sports,,,,,
world,,,,,
opinion,,,,,
opinion,,,,,
world,,,,,
us,,,,,
us,politics,,,,
opinion,,,,,
opinion,,,,,
crosswords,,,,,
world,,,,,
fashion,,,,,
fashion,,,,,
fashion,,,,,
fashion,,,,,
fashion,,,,,
fashion,,,,,
todayspaper,,,,,
pageoneplus,,,,,
arts,,,,,
nyregion,,,,,
sports,,,,,
world,,,,,
us,,,,,
neediest-cases,,,,,
us,,,,,
nyregion,,,,,
realestate,,,,,
business,,,,,
us,,,,,
world,,,,,
world,,,,,
briefing,,,,,
world,,,,,
fashion,,,,,
business,,,,,
opinion,,,,,
arts,,,,,
movies,,,,,
sports,,,,,
sports,,,,,
arts,,,,,
world,,,,,
dining,,,,,
world,,,,,
arts,,,,,
sports,,,,,
style,,,,,
us,politics,,,,
world,,,,,
world,,,,,
fashion,,,,,
opinion,,,,,
opinion,,,,,
sports,,,,,
us,politics,,,,
theater,,,,,
us,politics,,,,
world,,,,,
movies,,,,,
business,,,,,
theater,,,,,
arts,,,,,
opinion,,,,,
opinion,,,,,
technology,,,,,
us,politics,,,,
briefing,,,,,
us,politics,,,,
learning,,,,,
science,,,,,
business,,,,,
technology,,,,,
arts,,,,,
world,,,,,
us,politics,,,,
crosswords,,,,,
opinion,,,,,
us,politics,,,,
us,politics,,,,
us,,,,,
world,,,,,
us,politics,,,,
world,,,,,
us,politics,,,,
theater,,,,,
us,,,,,
pageoneplus,,,,,
todayspaper,,,,,
books,,,,,
sports,,,,,
briefing,,,,,
nyregion,,,,,
arts,,,,,
learning,,,,,
business,,,,,
nyregion,,,,,
sports,,,,,
world,,,,,
learning,,,,,
opinion,,,,,
opinion,,,,,
opinion,,,,,
well,,,,live,
magazine,,,,,
well,,,,,eat
learning,,,,,
upshot,,,,,
the-weekly,,,,,
us,,,,,
opinion,,,,,
opinion,,,,,
opinion,,,,,
opinion,,,,,
business,,,,,
us,politics,,,,
dining,,,,,
realestate,,,,,
us,,,,,
books,,,,,
travel,,,,,
us,politics,,,,
opinion,,,,,
reader-center,,,,,
movies,,,,,
t-magazine,,,,,
well,,family,,,
learning,,,,,
nyregion,,,,,
briefing,,,,,
us,politics,,,,
sports,,,,,
podcasts,,,,,
world,,,,,
world,,,,,
fashion,,,,,
business,,,,,
nyregion,,,,,
sports,,,,,
movies,,,,,
realestate,,,,,
realestate,,,,,
us,,,,,
fashion,,,,,
sports,,,,,
business,,,,,
us,,,,,
movies,,,,,
movies,,,,,
business,,,,,
dining,,,,,
upshot,,,,,
opinion,,,,,
world,,,,,
world,,,,,
science,,,,,
us,politics,,,,
fashion,,,,,
style,,,,,
style,,,,,
opinion,,,,,
world,,,,,
style,,,,,
world,,,,,
us,,,,,
nyregion,,,,,
movies,,,,,
world,,,,,
sports,,,,,
reader-center,,,,,
reader-center,,,,,
sports,,,,,
us,politics,,,,
crosswords,,,,,
us,politics,,,,
opinion,,,,,
arts,,,,,
us,politics,,,,
dining,,,,,
dining,,,,,
fashion,,,,,
movies,,,,,
sports,,,,,
dining,,,,,
nyregion,,,,,
world,,,,,
business,,,,,
opinion,,,,,
dining,,,,,
sports,,,,,
theater,,,,,
business,,,,,
sports,,,,,
books,,,,,
books,,,,,
neediest-cases,,,,,
us,politics,,,,
arts,,,,,
world,,,,,
opinion,,,,,
science,,,,,
us,politics,,,,
theater,,,,,
briefing,,,,,
us,,,,,
upshot,,,,,
movies,,,,,
dining,,,,,
arts,,,,,
opinion,,,,,
us,politics,,,,
climate,,,,,
dining,,,,,
learning,,,,,
business,,,,,
technology,,,,,
arts,,,,,
business,,,,,
world,,,,,
movies,,,,,
nyregion,,,,,
science,,,,,
arts,,,,,
nyregion,,,,,
world,,,,,
fashion,,,,,
sports,,,,,
technology,,,,,
opinion,,,,,
briefing,,,,,
us,politics,,,,
us,politics,,,,
opinion,,,,,
world,,,,,
nyregion,,,,,
opinion,,,,,
arts,,,,,
opinion,,,,,
us,,,,,
us,politics,,,,
us,politics,,,,
us,,,,,
opinion,,,,,
sports,,,,,
arts,,,,,
nyregion,,,,,
article,,,,,
us,politics,,,,
crosswords,,,,,
pageoneplus,,,,,
todayspaper,,,,,
briefing,,,,,
technology,,,,,
us,politics,,,,
us,politics,,,,
sports,,,,,
arts,,,,,
learning,,,,,
world,,,,,
learning,,,,,
business,,,,,
us,politics,,,,
arts,,,,,
sports,,,,,
arts,,,,,
learning,,,,,
books,,,,,
opinion,,,,,
magazine,,,,,
us,politics,,,,
books,,,,,
climate,,,,,
books,,,,,
well,,,,live,
books,,,,,
magazine,,,,,
books,,,,,
books,,,,,
books,,,,,
opinion,,,,,
books,,,,,
books,,,,,
books,,,,,
magazine,,,,,
books,,,,,
learning,,,,,
opinion,,,,,
books,,,,,
arts,,,,,
opinion,,,,,
travel,,,,,
neediest-cases,,,,,
nyregion,,,,,
travel,,,,,
opinion,,,,,
opinion,,,,,
opinion,,,,,
world,,,,,
style,,,,,
realestate,,,,,
opinion,,,,,
dining,,,,,
arts,,,,,
books,,,,,
books,,,,,
nyregion,,,,,
briefing,,,,,
world,,,,,
podcasts,,,,,
world,,,,,
business,,,,,
world,,,,,
business,,,,,
world,,,,,
world,,,,,
learning,,,,,
movies,,,,,
fashion,,,,,
opinion,,,,,
sports,,,,,
business,,,,,
us,politics,,,,
business,,,,,
world,,,,,
us,,,,,
sports,,,,,
nyregion,,,,,
nyregion,,,,,
us,politics,,,,
arts,,,,,
fashion,,,,,
arts,,,,,
us,,,,,
us,politics,,,,
magazine,,,,,
world,,,,,
us,politics,,,,
arts,,,,,
sports,,,,,
books,,,,,
arts,,,,,
opinion,,,,,
business,,,,,
dining,,,,,
dining,,,,,
dining,,,,,
dining,,,,,
movies,,,,,
dining,,,,,
well,,,,live,
books,,,,,
us,,,,,
us,,,,,
arts,,,,,
opinion,,,,,
dining,,,,,
health,,,,,
opinion,,,,,
dining,,,,,
world,,,,,
world,,,,,
world,,,,,
style,,,,,
us,politics,,,,
arts,,,,,
sports,,,,,
us,politics,,,,
arts,,,,,
opinion,,,,,
opinion,,,,,
dining,,,,,
world,,,,,
arts,,,,,
opinion,,,,,
briefing,,,,,
world,,,,,
fashion,,,,,
arts,,,,,
books,,,,,
us,,,,,
nyregion,,,,,
opinion,,,,,
sports,,,,,
books,,,,,
well,,,,,
arts,,,,,
arts,,,,,
arts,,,,,
movies,,,,,
us,politics,,,,
us,,,,,
opinion,,,,,
us,politics,,,,
us,,,,,
science,,,,,
t-magazine,,,,,
world,,,,,
opinion,,,,,
smarter-living,,,,,
style,,,,,
style,,,,,
us,,,,,
world,,,,,
briefing,,,,,
technology,,,,,
nyregion,,,,,
opinion,,,,,
opinion,,,,,
us,politics,,,,
business,,,,,
sports,,,,,
opinion,,,,,
us,politics,,,,
us,politics,,,,
us,politics,,,,
us,politics,,,,
us,,,,,
nyregion,,,,,
us,politics,,,,
pageoneplus,,,,,
us,politics,,,,
arts,,,,,
us,politics,,,,
us,politics,,,,
us,politics,,,,
us,politics,,,,
crosswords,,,,,
todayspaper,,,,,
us,politics,,,,
us,politics,,,,
us,politics,,,,
us,politics,,,,
us,politics,,,,
us,politics,,,,
us,politics,,,,
us,,,,,
briefing,,,,,
us,politics,,,,
arts,,,,,
opinion,,,,,
us,politics,,,,
learning,,,,,
fashion,,,,,
arts,,,,,
learning,,,,,
nyregion,,,,,
automobiles,,,,,
world,,,,,
learning,,,,,
opinion,,,,,
opinion,,,,,
opinion,,,,,
opinion,,,,,
magazine,,,,,
magazine,,,,,
magazine,,,,,
magazine,,,,,
magazine,,,,,
opinion,,,,,
well,,,move,,
style,,,,,
travel,,,,,
nyregion,,,,,
technology,,,,,
us,,,,,
learning,,,,,
arts,,,,,
us,politics,,,,
business,,,,,
arts,,,,,
world,,,,,
opinion,,,,,
opinion,,,,,
us,,,,,
realestate,,,,,
opinion,,,,,
realestate,,,,,
briefing,,,,,
crosswords,,,,,
fashion,,,,,
podcasts,,,,,
business,,,,,
business,,,,,
world,,,,,
world,,,,,
us,politics,,,,
fashion,,,,,
business,,,,,
realestate,,,,,
realestate,,,,,
arts,,,,,
opinion,,,,,
us,,,,,
fashion,,,,,
world,,,,,
health,,,,,
arts,,,,,
realestate,,,,,
arts,,,,,
realestate,,,,,
parenting,,,,,
world,,,,,
arts,,,,,
us,politics,,,,
realestate,,,,,
realestate,,,,,
nyregion,,,,,
world,,,,,
us,politics,,,,
us,politics,,,,
us,politics,,,,
us,politics,,,,
us,politics,,,,
dining,,,,,
us,politics,,,,
learning,,,,,
well,,,,live,
t-magazine,,,,,
t-magazine,,,,,
science,,,,,
climate,,,,,
world,,,,,
us,,,,,
opinion,,,,,
style,,,,,
opinion,,,,,
technology,,,,,
sports,,,,,
nyregion,,,,,
arts,,,,,
us,,,,,
science,,,,,
opinion,,,,,
dining,,,,,
movies,,,,,
arts,,,,,
us,politics,,,,
us,politics,,,,
theater,,,,,
upshot,,,,,
us,,,,,
arts,,,,,
science,,,,,
us,politics,,,,
us,politics,,,,
style,,,,,
world,,,,,
us,,,,,
climate,,,,,
us,politics,,,,
sports,,,,,
movies,,,,,
movies,,,,,
arts,,,,,
us,,,,,
briefing,,,,,
arts,,,,,
business,,,,,
nyregion,,,,,
us,,,,,
business,,,,,
obituaries,,,,,
fashion,,,,,
us,,,,,
style,,,,,
business,,,,,
sports,,,,,
world,,,,,
technology,,,,,
us,,,,,
business,,,,,
us,,,,,
world,,,,,
us,politics,,,,
world,,,,,
books,,,,,
us,,,,,
us,politics,,,,
smarter-living,,,,,
style,,,,,
magazine,,,,,
world,,,,,
briefing,,,,,
nyregion,,,,,
us,politics,,,,
world,,,,,
business,,,,,
world,,,,,
fashion,,,,,
us,,,,,
nyregion,,,,,
nyregion,,,,,
opinion,,,,,
sports,,,,,
us,politics,,,,
sports,,,,,
sports,,,,,
us,politics,,,,
nyregion,,,,,
opinion,,,,,
us,politics,,,,
opinion,,,,,
world,,,,,
us,politics,,,,
us,,,,,
business,,,,,
opinion,,,,,
nyregion,,,,,
pageoneplus,,,,,
business,,,,,
theater,,,,,
crosswords,,,,,
sports,,,,,
todayspaper,,,,,
world,,,,,
us,,,,,
us,politics,,,,
sports,,,,,
briefing,,,,,
arts,,,,,
us,politics,,,,
opinion,,,,,
learning,,,,,
world,,,,,
learning,,,,,
business,,,,,
nyregion,,,,,
sports,,,,,
arts,,,,,
theater,,,,,
learning,,,,,
opinion,,,,,
opinion,,,,,
books,,,,,
learning,,,,,
realestate,,,,,
style,,,,,
nyregion,,,,,
science,,,,,
opinion,,,,,
opinion,,,,,
opinion,,,,,
opinion,,,,,
reader-center,,,,,
opinion,,,,,
sports,,,,,
dining,,,,,
health,,,,,
opinion,,,,,
books,,,,,
travel,,,,,
us,,,,,
arts,,,,,
world,,,,,
nyregion,,,,,
briefing,,,,,
world,,,,,
podcasts,,,,,
sports,,,,,
arts,,,,,
fashion,,,,,
business,,,,,
movies,,,,,
movies,,,,,
movies,,,,,
movies,,,,,
arts,,,,,
books,,,,,
fashion,,,,,
world,,,,,
business,,,,,
t-magazine,,,,,
arts,,,,,
realestate,,,,,
realestate,,,,,
realestate,,,,,
realestate,,,,,
world,,,,,
us,,,,,
realestate,,,,,
world,,,,,
style,,,,,
movies,,,,,
movies,,,,,
arts,,,,,
world,,,,,
world,,,,,
dining,,,,,
dining,,,,,
us,politics,,,,
business,,,,,
opinion,,,,,
learning,,,,,
fashion,,,,,
us,,,,,
science,,,,,
arts,,,,,
us,politics,,,,
arts,,,,,
us,politics,,,,
us,,,,,
movies,,,,,
books,,,,,
books,,,,,
arts,,,,,
sports,,,,,
movies,,,,,
books,,,,,
opinion,,,,,
sports,,,,,
t-magazine,,,,,
opinion,,,,,
world,,,,,
us,politics,,,,
sports,,,,,
travel,,,,,
books,,,,,
world,,,,,
magazine,,,,,
dining,,,,,
dining,,,,,
arts,,,,,
science,,,,,
theater,,,,,
opinion,,,,,
business,,,,,
opinion,,,,,
us,,,,,
us,politics,,,,
business,,,,,
movies,,,,,
climate,,,,,
opinion,,,,,
arts,,,,,
opinion,,,,,
books,,,,,
opinion,,,,,
briefing,,,,,
us,politics,,,,
nyregion,,,,,
arts,,,,,
business,,,,,
sports,,,,,
us,politics,,,,
arts,,,,,
magazine,,,,,
magazine,,,,,
us,politics,,,,
technology,,,,,
sports,,,,,
opinion,,,,,
business,,,,,
nyregion,,,,,
nyregion,,,,,
learning,,,,,
movies,,,,,
theater,,,,,
arts,,,,,
arts,,,,,
arts,,,,,
arts,,,,,
arts,,,,,
arts,,,,,
business,,,,,
us,politics,,,,
movies,,,,,
movies,,,,,
arts,,,,,
us,politics,,,,
movies,,,,,
learning,,,,,
business,,,,,
books,,,,,
world,,,,,
books,,,,,
books,,,,,
business,,,,,
us,politics,,,,
briefing,,,,,
opinion,,,,,
us,politics,,,,
opinion,,,,,
smarter-living,,,,,
sports,,,,,
business,,,,,
us,politics,,,,
business,,,,,
opinion,,,,,
opinion,,,,,
business,,,,,
us,politics,,,,
opinion,,,,,
us,,,,,
sports,,,,,
us,politics,,,,
sports,,,,,
us,politics,,,,
opinion,,,,,
opinion,,,,,
us,politics,,,,
us,politics,,,,
us,,,,,
us,politics,,,,
us,,,,,
business,,,,,
theater,,,,,
world,,,,,
crosswords,,,,,
us,,,,,
arts,,,,,
pageoneplus,,,,,
todayspaper,,,,,
us,,,,,
us,,,,,
books,,,,,
style,,,,,
briefing,,,,,
world,,,,,
arts,,,,,
world,,,,,
world,,,,,
learning,,,,,
learning,,,,,
movies,,,,,
arts,,,,,
briefing,,,,,
learning,,,,,
world,,,,,
business,,,,,
opinion,,,,,
books,,,,,
books,,,,,
us,politics,,,,
books,,,,,
well,,,,live,
books,,,,,
books,,,,,
books,,,,,
learning,,,,,
style,,,,,
style,,,,,
travel,,,,,
opinion,,,,,
sunday-review,,,,,
opinion,,,,,
arts,,,,,
nyregion,,,,,
business,,,,,
opinion,,,,,
us,,,,,
upshot,,,,,
travel,,,,,
world,,,,,
nyregion,,,,,
nyregion,,,,,
books,,,,,
us,politics,,,,
business,,,,,
opinion,,,,,
us,,,,,
theater,,,,,
nyregion,,,,,
opinion,,,,,
realestate,,,,,
books,,,,,
books,,,,,
opinion,,,,,
realestate,,,,,
nyregion,,,,,
briefing,,,,,
podcasts,,,,,
business,,,,,
fashion,,,,,
business,,,,,
business,,,,,
business,,,,,
world,,,,,
business,,,,,
business,,,,,
your-money,,,,,
world,,,,,
business,,,,,
us,,,,,
world,,,,,
technology,,,,,
business,,,,,
realestate,,,,,
sports,,,,,
business,,,,,
fashion,,,,,
nyregion,,,,,
business,,,,,
us,politics,,,,
arts,,,,,
arts,,,,,
business,,,,,
arts,,,,,
us,politics,,,,
opinion,,,,,
magazine,,,,,
dining,,,,,
world,,,,,
dining,,,,,
well,,,,live,
fashion,,,,,
style,,,,,
sports,,,,,
dining,,,,,
nyregion,,,,,
opinion,,,,,
sports,,,,,
arts,,,,,
arts,,,,,
business,,,,,
dining,,,,,
world,,,,,
us,politics,,,,
business,,,,,
business,,,,,
world,,,,,
movies,,,,,
science,,,,,
fashion,,,,,
opinion,,,,,
arts,,,,,
opinion,,,,,
arts,,,,,
technology,,,,,
climate,,,,,
world,,,,,
world,,,,,
world,,,,,
arts,,,,,
style,,,,,
health,,,,,
nyregion,,,,,
fashion,,,,,
nyregion,,,,,
your-money,,,,,
us,politics,,,,
arts,,,,,
us,politics,,,,
health,,,,,
us,,,,,
sports,,,,,
movies,,,,,
nyregion,,,,,
books,,,,,
us,politics,,,,
style,,,,,
opinion,,,,,
nyregion,,,,,
us,politics,,,,
arts,,,,,
theater,,,,,
us,politics,,,,
world,,,,,
health,,,,,
us,politics,,,,
us,,,,,
world,,,,,
us,politics,,,,
opinion,,,,,
opinion,,,,,
podcasts,,,,,
health,,,,,
us,politics,,,,
business,,,,,
technology,,,,,
arts,,,,,
science,,,,,
us,politics,,,,
us,politics,,,,
world,,,,,
us,,,,,
us,,,,,
business,,,,,
arts,,,,,
books,,,,,
briefing,,,,,
t-magazine,,,,,
arts,,,,,
us,politics,,,,
arts,,,,,
us,politics,,,,
world,,,,,
opinion,,,,,
sports,,,,,
us,politics,,,,
us,politics,,,,
us,,,,,
opinion,,,,,
opinion,,,,,
us,politics,,,,
crosswords,,,,,
us,politics,,,,
us,politics,,,,
todayspaper,,,,,
world,,,,,
arts,,,,,
sports,,,,,
sports,,,,,
sports,,,,,
sports,,,,,
world,,,,,
world,,,,,
us,politics,,,,
books,,,,,
us,,,,,
briefing,,,,,
style,,,,,
travel,,,,,
us,politics,,,,
books,,,,,
technology,,,,,
us,politics,,,,
fashion,,,,,
fashion,,,,,
pageoneplus,,,,,
us,,,,,
sports,,,,,
fashion,,,,,
realestate,,,,,
world,,,,,
admin,,,,,
world,,,,,
opinion,,,,,
opinion,,,,,
opinion,,,,,
reader-center,,,,,
us,,,,,
crosswords,,,,,
us,,,,,
opinion,,,,,
us,,,,,
us,politics,,,,
sports,,,,,
fashion,,,,,
world,,,,,
arts,,,,,
us,,,,,
opinion,,,,,
opinion,,,,,
opinion,,,,,
opinion,,,,,
us,,,,,
opinion,,,,,
world,,,,,
us,,,,,
opinion,,,,,
opinion,,,,,
us,politics,,,,
crosswords,,,,,
arts,,,,,
world,,,,,
theater,,,,,
us,politics,,,,
world,,,,,
world,,,,,
world,,,,,
us,politics,,,,
todayspaper,,,,,
fashion,,,,,
fashion,,,,,
fashion,,,,,
fashion,,,,,
fashion,,,,,
fashion,,,,,
fashion,,,,,
fashion,,,,,
fashion,,,,,
pageoneplus,,,,,
fashion,,,,,
fashion,,,,,
fashion,,,,,
arts,,,,,
nyregion,,,,,
sports,,,,,
world,,,,,
world,,,,,
us,,,,,
movies,,,,,
books,,,,,
business,,,,,
realestate,,,,,
style,,,,,
nyregion,,,,,
reader-center,,,,,
business,,,,,
business,,,,,
briefing,,,,,
fashion,,,,,
business,,,,,
business,,,,,
science,,,,,
fashion,,,,,
fashion,,,,,
world,,,,,
nyregion,,,,,
dining,,,,,
opinion,,,,,
world,,,,,
world,,,,,
world,,,,,
opinion,,,,,
books,,,,,
world,,,,,
us,politics,,,,
arts,,,,,
movies,,,,,
world,,,,,
us,,,,,
obituaries,,,,,
world,,,,,
sports,,,,,
us,politics,,,,
world,,,,,
nyregion,,,,,
briefing,,,,,
nyregion,,,,,
opinion,,,,,
sports,,,,,
us,,,,,
world,,,,,
science,,,,,
business,,,,,
us,politics,,,,
crosswords,,,,,
world,,,,,
us,politics,,,,
movies,,,,,
us,politics,,,,
us,politics,,,,
opinion,,,,,
sports,,,,,
us,politics,,,,
theater,,,,,
theater,,,,,
smarter-living,,,,,
us,politics,,,,
opinion,,,,,
us,politics,,,,
sports,,,,,
todayspaper,,,,,
pageoneplus,,,,,
briefing,,,,,
arts,,,,,
sports,,,,,
business,,,,,
us,,,,,
business,,,,,
us,,,,,
world,,,,,
us,,,,,
world,,,,,
books,,,,,
world,,,,,
well,,,,,eat
reader-center,,,,,
well,,family,,,
opinion,,,,,
well,,,,live,
business,,,,,
opinion,,,,,
style,,,,,
opinion,,,,,
nyregion,,,,,
us,,,,,
opinion,,,,,
opinion,,,,,
upshot,,,,,
business,,,,,
opinion,,,,,
style,,,,,
realestate,,,,,
travel,,,,,
opinion,,,,,
briefing,,,,,
world,,,,,
business,,,,,
technology,,,,,
world,,,,,
sports,,,,,
sports,,,,,
business,,,,,
fashion,,,,,
world,,,,,
sports,,,,,
sports,,,,,
world,,,,,
realestate,,,,,
realestate,,,,,
us,,,,,
opinion,,,,,
dining,,,,,
us,politics,,,,
fashion,,,,,
world,,,,,
fashion,,,,,
opinion,,,,,
us,politics,,,,
world,,,,,
opinion,,,,,
sports,,,,,
t-magazine,,,,,
theater,,,,,
world,,,,,
arts,,,,,
arts,,,,,
books,,,,,
nyregion,,,,,
theater,,,,,
fashion,,,,,
climate,,,,,
world,,,,,
opinion,,,,,
us,,,,,
briefing,,,,,
us,politics,,,,
us,politics,,,,
books,,,,,
books,,,,,
business,,,,,
smarter-living,,,,,
arts,,,,,
t-magazine,,,,,
sports,,,,,
opinion,,,,,
world,,,,,
briefing,,,,,
nyregion,,,,,
us,politics,,,,
opinion,,,,,
nyregion,,,,,
us,,,,,
technology,,,,,
style,,,,,
style,,,,,
style,,,,,
style,,,,,
style,,,,,
style,,,,,
style,,,,,
style,,,,,
style,,,,,
style,,,,,
style,,,,,
style,,,,,
style,,,,,
style,,,,,
style,,,,,
style,,,,,
style,,,,,
style,,,,,
style,,,,,
style,,,,,
us,,,,,
world,,,,,
style,,,,,
crosswords,,,,,
arts,,,,,
us,politics,,,,
sports,,,,,
briefing,,,,,
todayspaper,,,,,
pageoneplus,,,,,
arts,,,,,
sports,,,,,
opinion,,,,,
business,,,,,
learning,,,,,
science,,,,,
science,,,,,
science,,,,,
us,politics,,,,
learning,,,,,
sports,,,,,
nyregion,,,,,
world,,,,,
learning,,,,,
arts,,,,,
nyregion,,,,,
business,,,,,
magazine,,,,,
books,,,,,
well,,family,,,
books,,,,,
nyregion,,,,,
magazine,,,,,
books,,,,,
magazine,,,,,
books,,,,,
books,,,,,
arts,,,,,
books,,,,,
us,politics,,,,
opinion,,,,,
opinion,,,,,
opinion,,,,,
us,politics,,,,
travel,,,,,
learning,,,,,
opinion,,,,,
travel,,,,,
upshot,,,,,
us,politics,,,,
realestate,,,,,
us,,,,,
realestate,,,,,
opinion,,,,,
opinion,,,,,
briefing,,,,,
world,,,,,
climate,,,,,
podcasts,,,,,
business,,,,,
world,,,,,
world,,,,,
style,,,,,
fashion,,,,,
nyregion,,,,,
style,,,,,
style,,,,,
magazine,,,,,
business,,,,,
business,,,,,
realestate,,,,,
realestate,,,,,
learning,,,,,
us,politics,,,,
us,,,,,
climate,,,,,
books,,,,,
books,,,,,
world,,,,,
books,,,,,
world,,,,,
world,,,,,
us,,,,,
business,,,,,
world,,,,,
science,,,,,
dining,,,,,
books,,,,,
business,,,,,
sports,,,,,
us,politics,,,,
nyregion,,,,,
dining,,,,,
us,,,,,
world,,,,,
dining,,,,,
world,,,,,
health,,,,,
us,politics,,,,
technology,,,,,
style,,,,,
arts,,,,,
books,,,,,
opinion,,,,,
dining,,,,,
climate,,,,,
dining,,,,,
business,,,,,
dining,,,,,
dining,,,,,
opinion,,,,,
dining,,,,,
dining,,,,,
opinion,,,,,
opinion,,,,,
us,,,,,
article,,,,,
opinion,,,,,
fashion,,,,,
briefing,,,,,
us,politics,,,,
sports,,,,,
arts,,,,,
business,,,,,
opinion,,,,,
business,,,,,
arts,,,,,
business,,,,,
theater,,,,,
us,politics,,,,
business,,,,,
fashion,,,,,
world,,,,,
t-magazine,,,,,
us,politics,,,,
world,,,,,
us,politics,,,,
opinion,,,,,
sports,,,,,
us,,,,,
world,,,,,
opinion,,,,,
opinion,,,,,
sports,,,,,
briefing,,,,,
nyregion,,,,,
nyregion,,,,,
us,politics,,,,
us,politics,,,,
opinion,,,,,
opinion,,,,,
arts,,,,,
business,,,,,
us,politics,,,,
opinion,,,,,
business,,,,,
nyregion,,,,,
world,,,,,
us,,,,,
sports,,,,,
opinion,,,,,
opinion,,,,,
business,,,,,
books,,,,,
arts,,,,,
theater,,,,,
theater,,,,,
crosswords,,,,,
technology,,,,,
us,politics,,,,
us,,,,,
pageoneplus,,,,,
us,politics,,,,
todayspaper,,,,,
us,,,,,
technology,,,,,
us,politics,,,,
briefing,,,,,
arts,,,,,
learning,,,,,
world,,,,,
arts,,,,,
learning,,,,,
learning,,,,,
us,politics,,,,
business,,,,,
world,,,,,
nyregion,,,,,
learning,,,,,
magazine,,,,,
magazine,,,,,
magazine,,,,,
learning,,,,,
books,,,,,
well,,,,live,
style,,,,,
well,,,,,
movies,,,,,
opinion,,,,,
opinion,,,,,
nyregion,,,,,
opinion,,,,,
travel,,,,,
opinion,,,,,
opinion,,,,,
world,,,,,
world,,,,,
health,,,,,
travel,,,,,
opinion,,,,,
us,,,,,
well,,,move,,
books,,,,,
world,,,,,
us,politics,,,,
business,,,,,
world,,,,,
realestate,,,,,
realestate,,,,,
world,,,,,
world,,,,,
briefing,,,,,
podcasts,,,,,
crosswords,,,,,
style,,,,,
business,,,,,
style,,,,,
sports,,,,,
world,,,,,
arts,,,,,
us,politics,,,,
technology,,,,,
realestate,,,,,
realestate,,,,,
parenting,,,,,
us,,,,,
world,,,,,
realestate,,,,,
realestate,,,,,
opinion,,,,,
us,politics,,,,
arts,,,,,
arts,,,,,
theater,,,,,
arts,,,,,
world,,,,,
style,,,,,
us,politics,,,,
world,,,,,
style,,,,,
science,,,,,
podcasts,,,,,
dining,,,,,
fashion,,,,,
nyregion,,,,,
business,,,,,
sports,,,,,
arts,,,,,
business,,,,,
world,,,,,
well,,family,,,
opinion,,,,,
us,politics,,,,
health,,,,,
world,,,,,
us,,,,,
nyregion,,,,,
us,politics,,,,
magazine,,,,,
arts,,,,,
arts,,,,,
opinion,,,,,
world,,,,,
us,,,,,
us,,,,,
arts,,,,,
sports,,,,,
science,,,,,
travel,,,,,
us,politics,,,,
arts,,,,,
world,,,,,
style,,,,,
world,,,,,
world,,,,,
upshot,,,,,
sports,,,,,
arts,,,,,
arts,,,,,
fashion,,,,,
movies,,,,,
business,,,,,
opinion,,,,,
science,,,,,
arts,,,,,
opinion,,,,,
sports,,,,,
fashion,,,,,
style,,,,,
climate,,,,,
nyregion,,,,,
arts,,,,,
t-magazine,,,,,
us,,,,,
us,politics,,,,
opinion,,,,,
arts,,,,,
opinion,,,,,
us,politics,,,,
us,,,,,
briefing,,,,,
opinion,,,,,
us,,,,,
world,,,,,
style,,,,,
nyregion,,,,,
opinion,,,,,
health,,,,,
opinion,,,,,
us,politics,,,,
sports,,,,,
business,,,,,
style,,,,,
business,,,,,
us,,,,,
world,,,,,
opinion,,,,,
sports,,,,,
movies,,,,,
briefing,,,,,
us,,,,,
us,politics,,,,
technology,,,,,
us,politics,,,,
technology,,,,,
business,,,,,
movies,,,,,
world,,,,,
arts,,,,,
us,politics,,,,
arts,,,,,
sports,,,,,
us,,,,,
opinion,,,,,
opinion,,,,,
us,,,,,
us,politics,,,,
us,,,,,
fashion,,,,,
opinion,,,,,
us,politics,,,,
us,,,,,
climate,,,,,
business,,,,,
us,,,,,
world,,,,,
crosswords,,,,,
us,politics,,,,
smarter-living,,,,,
podcasts,,,,,
pageoneplus,,,,,
todayspaper,,,,,
health,,,,,
world,,,,,
world,,,,,
briefing,,,,,
arts,,,,,
movies,,,,,
opinion,,,,,
world,,,,,
learning,,,,,
sports,,,,,
arts,,,,,
arts,,,,,
sports,,,,,
style,,,,,
technology,,,,,
business,,,,,
world,,,,,
nyregion,,,,,
learning,,,,,
world,,,,,
theater,,,,,
style,,,,,
fashion,,,,,
magazine,,,,,
books,,,,,
world,,,,,
realestate,,,,,
books,,,,,
magazine,,,,,
books,,,,,
magazine,,,,,
well,,family,,,
travel,,,,,
opinion,,,,,
opinion,,,,,
opinion,,,,,
well,,family,,,
well,,,,,
opinion,,,,,
sports,,,,,
nyregion,,,,,
opinion,,,,,
magazine,,,,,
nyregion,,,,,
business,,,,,
travel,,,,,
opinion,,,,,
opinion,,,,,
us,,,,,
opinion,,,,,
opinion,,,,,
business,,,,,
arts,,,,,
world,,,,,
business,,,,,
briefing,,,,,
podcasts,,,,,
fashion,,,,,
business,,,,,
world,,,,,
us,politics,,,,
us,,,,,
world,,,,,
business,,,,,
movies,,,,,
movies,,,,,
movies,,,,,
business,,,,,
sports,,,,,
learning,,,,,
climate,,,,,
world,,,,,
learning,,,,,
learning,,,,,
learning,,,,,
arts,,,,,
sports,,,,,
opinion,,,,,
us,,,,,
us,politics,,,,
t-magazine,,,,,
arts,,,,,
realestate,,,,,
realestate,,,,,
realestate,,,,,
realestate,,,,,
us,,,,,
style,,,,,
world,,,,,
world,,,,,
nyregion,,,,,
style,,,,,
arts,,,,,
theater,,,,,
world,,,,,
realestate,,,,,
books,,,,,
learning,,,,,
science,,,,,
arts,,,,,
world,,,,,
well,,,,,
obituaries,,,,,
nyregion,,,,,
world,,,,,
world,,,,,
movies,,,,,
health,,,,,
learning,,,,,
business,,,,,
business,,,,,
movies,,,,,
us,politics,,,,
world,,,,,
us,politics,,,,
learning,,,,,
dining,,,,,
opinion,,,,,
business,,,,,
business,,,,,
dining,,,,,
dining,,,,,
dining,,,,,
health,,,,,
arts,,,,,
arts,,,,,
arts,,,,,
us,,,,,
world,,,,,
opinion,,,,,
movies,,,,,
arts,,,,,
us,,,,,
opinion,,,,,
us,politics,,,,
arts,,,,,
us,,,,,
business,,,,,
travel,,,,,
sports,,,,,
us,politics,,,,
movies,,,,,
nyregion,,,,,
us,politics,,,,
arts,,,,,
opinion,,,,,
opinion,,,,,
books,,,,,
us,,,,,
arts,,,,,
magazine,,,,,
arts,,,,,
us,politics,,,,
opinion,,,,,
world,,,,,
world,,,,,
opinion,,,,,
briefing,,,,,
opinion,,,,,
smarter-living,,,,,
learning,,,,,
arts,,,,,
arts,,,,,
arts,,,,,
arts,,,,,
arts,,,,,
theater,,,,,
movies,,,,,
arts,,,,,
arts,,,,,
science,,,,,
us,politics,,,,
us,politics,,,,
briefing,,,,,
us,politics,,,,
arts,,,,,
health,,,,,
t-magazine,,,,,
arts,,,,,
health,,,,,
opinion,,,,,
nyregion,,,,,
us,politics,,,,
us,,,,,
us,politics,,,,
us,politics,,,,
movies,,,,,
world,,,,,
podcasts,,,,,
technology,,,,,
sports,,,,,
podcasts,,,,,
business,,,,,
opinion,,,,,
us,politics,,,,
opinion,,,,,
us,politics,,,,
opinion,,,,,
opinion,,,,,
us,politics,,,,
business,,,,,
us,politics,,,,
theater,,,,,
theater,,,,,
smarter-living,,,,,
crosswords,,,,,
us,,,,,
us,politics,,,,
sports,,,,,
style,,,,,
pageoneplus,,,,,
todayspaper,,,,,
world,,,,,
briefing,,,,,
arts,,,,,
us,,,,,
learning,,,,,
learning,,,,,
fashion,,,,,
sports,,,,,
sports,,,,,
sports,,,,,
nyregion,,,,,
briefing,,,,,
arts,,,,,
learning,,,,,
world,,,,,
world,,,,,
world,,,,,
sports,,,,,
well,,,,live,
opinion,,,,,
books,,,,,
books,,,,,
books,,,,,
books,,,,,
books,,,,,
books,,,,,
fashion,,,,,
us,politics,,,,
well,,family,,,
opinion,,,,,
arts,,,,,
nyregion,,,,,
opinion,,,,,
opinion,,,,,
magazine,,,,,
travel,,,,,
upshot,,,,,
reader-center,,,,,
sports,,,,,
opinion,,,,,
us,,,,,
us,politics,,,,
opinion,,,,,
learning,,,,,
us,politics,,,,
books,,,,,
opinion,,,,,
business,,,,,
nyregion,,,,,
nyregion,,,,,
opinion,,,,,
nyregion,,,,,
us,politics,,,,
nyregion,,,,,
books,,,,,
realestate,,,,,
business,,,,,
realestate,,,,,
briefing,,,,,
world,,,,,
podcasts,,,,,
your-money,,,,,
fashion,,,,,
world,,,,,
business,,,,,
world,,,,,
sports,,,,,
opinion,,,,,
us,,,,,
sports,,,,,
world,,,,,
business,,,,,
world,,,,,
business,,,,,
movies,,,,,
world,,,,,
business,,,,,
sports,,,,,
nyregion,,,,,
magazine,,,,,
realestate,,,,,
technology,,,,,
business,,,,,
opinion,,,,,
us,,,,,
realestate,,,,,
movies,,,,,
movies,,,,,
arts,,,,,
opinion,,,,,
us,politics,,,,
business,,,,,
business,,,,,
dining,,,,,
arts,,,,,
us,politics,,,,
style,,,,,
opinion,,,,,
dining,,,,,
style,,,,,
style,,,,,
arts,,,,,
world,,,,,
us,,,,,
arts,,,,,
climate,,,,,
nyregion,,,,,
us,,,,,
us,politics,,,,
arts,,,,,
opinion,,,,,
arts,,,,,
world,,,,,
health,,,,,
dining,,,,,
health,,,,,
opinion,,,,,
arts,,,,,
arts,,,,,
world,,,,,
us,politics,,,,
opinion,,,,,
style,,,,,
article,,,,,
world,,,,,
sports,,,,,
world,,,,,
world,,,,,
arts,,,,,
sports,,,,,
nyregion,,,,,
opinion,,,,,
audio,,,,,
theater,,,,,
books,,,,,
audio,,,,,
dining,,,,,
theater,,,,,
us,,,,,
style,,,,,
style,,,,,
opinion,,,,,
us,politics,,,,
t-magazine,,,,,
t-magazine,,,,,
podcasts,,,,,
business,,,,,
article,,,,,
briefing,,,,,
us,politics,,,,
technology,,,,,
us,politics,,,,
opinion,,,,,
us,politics,,,,
opinion,,,,,
world,,,,,
nyregion,,,,,
nyregion,,,,,
opinion,,,,,
us,politics,,,,
opinion,,,,,
sports,,,,,
world,,,,,
sports,,,,,
opinion,,,,,
sports,,,,,
us,,,,,
us,politics,,,,
us,politics,,,,
technology,,,,,
us,,,,,
us,politics,,,,
us,politics,,,,
us,,,,,
us,politics,,,,
us,,,,,
arts,,,,,
crosswords,,,,,
us,politics,,,,
sports,,,,,
todayspaper,,,,,
pageoneplus,,,,,
world,,,,,
us,politics,,,,
arts,,,,,
world,,,,,
books,,,,,
travel,,,,,
us,politics,,,,
us,politics,,,,
opinion,,,,,
business,,,,,
style,,,,,
us,politics,,,,
sports,,,,,
reader-center,,,,,
us,politics,,,,
world,,,,,
world,,,,,
fashion,,,,,
fashion,,,,,
us,politics,,,,
world,,,,,
sports,,,,,
world,,,,,
us,,,,,
theater,,,,,
realestate,,,,,
arts,,,,,
us,politics,,,,
opinion,,,,,
admin,,,,,
arts,,,,,
opinion,,,,,
us,politics,,,,
sports,,,,,
us,,,,,
world,,,,,
crosswords,,,,,
opinion,,,,,
us,,,,,
us,politics,,,,
world,,,,,
us,politics,,,,
movies,,,,,
world,,,,,
us,politics,,,,
arts,,,,,
opinion,,,,,
opinion,,,,,
opinion,,,,,
opinion,,,,,
arts,,,,,
opinion,,,,,
us,politics,,,,
opinion,,,,,
business,,,,,
world,,,,,
world,,,,,
arts,,,,,
opinion,,,,,
crosswords,,,,,
us,politics,,,,
us,politics,,,,
us,politics,,,,
us,politics,,,,
us,politics,,,,
us,politics,,,,
us,politics,,,,
us,politics,,,,
us,politics,,,,
us,politics,,,,
us,politics,,,,
us,politics,,,,
us,politics,,,,
us,politics,,,,
us,politics,,,,
us,politics,,,,
us,politics,,,,
us,politics,,,,
us,politics,,,,
us,politics,,,,
us,politics,,,,
us,politics,,,,
us,politics,,,,
us,politics,,,,
us,politics,,,,
us,politics,,,,
us,politics,,,,
us,politics,,,,
us,politics,,,,
us,politics,,,,
us,politics,,,,
us,politics,,,,
us,politics,,,,
us,politics,,,,
movies,,,,,
world,,,,,
todayspaper,,,,,
world,,,,,
fashion,,,,,
fashion,,,,,
fashion,,,,,
pageoneplus,,,,,
arts,,,,,
movies,,,,,
world,,,,,
sports,,,,,
nyregion,,,,,
sports,,,,,
world,,,,,
arts,,,,,
world,,,,,
world,,,,,
world,,,,,
us,politics,,,,
realestate,,,,,
world,,,,,
nyregion,,,,,
sports,,,,,
briefing,,,,,
business,,,,,
sports,,,,,
us,,,,,
dining,,,,,
opinion,,,,,
opinion,,,,,
world,,,,,
us,politics,,,,
opinion,,,,,
opinion,,,,,
sports,,,,,
us,politics,,,,
obituaries,,,,,
world,,,,,
business,,,,,
us,politics,,,,
movies,,,,,
arts,,,,,
arts,,,,,
world,,,,,
business,,,,,
nyregion,,,,,
world,,,,,
theater,,,,,
opinion,,,,,
sports,,,,,
arts,,,,,
nyregion,,,,,
style,,,,,
us,politics,,,,
arts,,,,,
nyregion,,,,,
business,,,,,
briefing,,,,,
sports,,,,,
world,,,,,
arts,,,,,
obituaries,,,,,
us,politics,,,,
crosswords,,,,,
theater,,,,,
us,politics,,,,
travel,,,,,
arts,,,,,
us,,,,,
us,politics,,,,
opinion,,,,,
us,politics,,,,
opinion,,,,,
opinion,,,,,
sports,,,,,
opinion,,,,,
sports,,,,,
world,,,,,
learning,,,,,
sports,,,,,
us,politics,,,,
style,,,,,
learning,,,,,
sports,,,,,
arts,,,,,
pageoneplus,,,,,
world,,,,,
briefing,,,,,
arts,,,,,
opinion,,,,,
opinion,,,,,
learning,,,,,
world,,,,,
business,,,,,
sports,,,,,
business,,,,,
us,politics,,,,
world,,,,,
sports,,,,,
learning,,,,,
books,,,,,
multimedia,,,,,
business,,,,,
opinion,,,,,
style,,,,,
well,,,,,
upshot,,,,,
us,,,,,
opinion,,,,,
opinion,,,,,
realestate,,,,,
opinion,,,,,
us,,,,,
nyregion,,,,,
us,politics,,,,
travel,,,,,
world,,,,,
reader-center,,,,,
science,,,,,
world,,,,,
learning,,,,,
world,,,,,
briefing,,,,,
nyregion,,,,,
world,,,,,
podcasts,,,,,
fashion,,,,,
us,politics,,,,
business,,,,,
business,,,,,
opinion,,,,,
us,,,,,
sports,,,,,
us,politics,,,,
fashion,,,,,
us,,,,,
opinion,,,,,
us,politics,,,,
realestate,,,,,
realestate,,,,,
nyregion,,,,,
nyregion,,,,,
us,,,,,
sports,,,,,
us,politics,,,,
us,,,,,
world,,,,,
arts,,,,,
arts,,,,,
technology,,,,,
dining,,,,,
well,,,,live,
opinion,,,,,
opinion,,,,,
crosswords,,,,,
nyregion,,,,,
magazine,,,,,
sports,,,,,
well,,,,live,
nyregion,,,,,
business,,,,,
world,,,,,
books,,,,,
arts,,,,,
arts,,,,,
sports,,,,,
world,,,,,
business,,,,,
us,politics,,,,
world,,,,,
dining,,,,,
world,,,,,
theater,,,,,
world,,,,,
nyregion,,,,,
world,,,,,
us,politics,,,,
arts,,,,,
nyregion,,,,,
us,politics,,,,
business,,,,,
opinion,,,,,
us,politics,,,,
arts,,,,,
arts,,,,,
us,,,,,
opinion,,,,,
opinion,,,,,
science,,,,,
science,,,,,
business,,,,,
obituaries,,,,,
arts,,,,,
us,,,,,
us,politics,,,,
theater,,,,,
dining,,,,,
obituaries,,,,,
style,,,,,
dining,,,,,
theater,,,,,
opinion,,,,,
learning,,,,,
t-magazine,,,,,
style,,,,,
us,,,,,
briefing,,,,,
business,,,,,
article,,,,,
world,,,,,
us,politics,,,,
sports,,,,,
opinion,,,,,
us,politics,,,,
business,,,,,
business,,,,,
us,politics,,,,
briefing,,,,,
us,politics,,,,
theater,,,,,
opinion,,,,,
opinion,,,,,
opinion,,,,,
us,politics,,,,
opinion,,,,,
us,politics,,,,
sports,,,,,
us,politics,,,,
business,,,,,
us,politics,,,,
us,politics,,,,
opinion,,,,,
dining,,,,,
us,politics,,,,
dining,,,,,
dining,,,,,
sports,,,,,
us,,,,,
dining,,,,,
dining,,,,,
dining,,,,,
arts,,,,,
us,politics,,,,
crosswords,,,,,
us,,,,,
arts,,,,,
us,politics,,,,
business,,,,,
sports,,,,,
sports,,,,,
pageoneplus,,,,,
todayspaper,,,,,
world,,,,,
briefing,,,,,
sports,,,,,
arts,,,,,
world,,,,,
opinion,,,,,
learning,,,,,
learning,,,,,
business,,,,,
arts,,,,,
learning,,,,,
world,,,,,
world,,,,,
us,politics,,,,
learning,,,,,
magazine,,,,,
books,,,,,
books,,,,,
books,,,,,
books,,,,,
magazine,,,,,
books,,,,,
books,,,,,
books,,,,,
books,,,,,
well,,family,,,
magazine,,,,,
books,,,,,
books,,,,,
books,,,,,
books,,,,,
books,,,,,
opinion,,,,,
books,,,,,
books,,,,,
theater,,,,,
travel,,,,,
world,,,,,
well,,family,,,
opinion,,,,,
magazine,,,,,
us,politics,,,,
us,politics,,,,
travel,,,,,
opinion,,,,,
opinion,,,,,
nyregion,,,,,
opinion,,,,,
us,politics,,,,
opinion,,,,,
nyregion,,,,,
us,politics,,,,
realestate,,,,,
books,,,,,
books,,,,,
upshot,,,,,
realestate,,,,,
sports,,,,,
article,,,,,
nyregion,,,,,
world,,,,,
us,politics,,,,
briefing,,,,,
fashion,,,,,
podcasts,,,,,
fashion,,,,,
business,,,,,
technology,,,,,
learning,,,,,
sports,,,,,
sports,,,,,
world,,,,,
books,,,,,
us,,,,,
arts,,,,,
business,,,,,
realestate,,,,,
business,,,,,
realestate,,,,,
arts,,,,,
us,politics,,,,
reader-center,,,,,
us,,,,,
opinion,,,,,
arts,,,,,
dining,,,,,
dining,,,,,
arts,,,,,
us,,,,,
health,,,,,
dining,,,,,
us,politics,,,,
world,,,,,
us,,,,,
movies,,,,,
arts,,,,,
science,,,,,
business,,,,,
business,,,,,
us,politics,,,,
books,,,,,
dining,,,,,
nyregion,,,,,
business,,,,,
world,,,,,
nyregion,,,,,
arts,,,,,
us,politics,,,,
arts,,,,,
opinion,,,,,
dining,,,,,
sports,,,,,
business,,,,,
us,politics,,,,
opinion,,,,,
us,politics,,,,
fashion,,,,,
opinion,,,,,
style,,,,,
style,,,,,
opinion,,,,,
movies,,,,,
opinion,,,,,
opinion,,,,,
opinion,,,,,
opinion,,,,,
sports,,,,,
world,,,,,
us,politics,,,,
movies,,,,,
briefing,,,,,
sports,,,,,
technology,,,,,
fashion,,,,,
style,,,,,
business,,,,,
business,,,,,
movies,,,,,
world,,,,,
business,,,,,
us,politics,,,,
world,,,,,
technology,,,,,
us,,,,,
opinion,,,,,
arts,,,,,
us,politics,,,,
opinion,,,,,
sports,,,,,
us,politics,,,,
world,,,,,
briefing,,,,,
nyregion,,,,,
opinion,,,,,
nyregion,,,,,
business,,,,,
us,politics,,,,
movies,,,,,
health,,,,,
business,,,,,
us,politics,,,,
business,,,,,
science,,,,,
opinion,,,,,
health,,,,,
us,politics,,,,
us,politics,,,,
opinion,,,,,
world,,,,,
world,,,,,
us,politics,,,,
opinion,,,,,
us,politics,,,,
us,politics,,,,
us,,,,,
opinion,,,,,
us,politics,,,,
travel,,,,,
sports,,,,,
crosswords,,,,,
us,,,,,
opinion,,,,,
us,politics,,,,
pageoneplus,,,,,
us,,,,,
arts,,,,,
pageoneplus,,,,,
world,,,,,
briefing,,,,,
arts,,,,,
learning,,,,,
arts,,,,,
learning,,,,,
us,politics,,,,
sports,,,,,
business,,,,,
business,,,,,
learning,,,,,
technology,,,,,
magazine,,,,,
magazine,,,,,
style,,,,,
climate,,,,,
magazine,,,,,
upshot,,,,,
magazine,,,,,
well,,family,,,
travel,,,,,
nyregion,,,,,
opinion,,,,,
opinion,,,,,
travel,,,,,
us,politics,,,,
opinion,,,,,
well,,,move,,
learning,,,,,
books,,,,,
opinion,,,,,
opinion,,,,,
style,,,,,
business,,,,,
realestate,,,,,
sports,,,,,
opinion,,,,,
realestate,,,,,
briefing,,,,,
nyregion,,,,,
podcasts,,,,,
business,,,,,
business,,,,,
opinion,,,,,
world,,,,,
business,,,,,
sports,,,,,
us,politics,,,,
business,,,,,
sports,,,,,
realestate,,,,,
business,,,,,
realestate,,,,,
us,,,,,
parenting,,,,,
opinion,,,,,
sports,,,,,
nyregion,,,,,
realestate,,,,,
realestate,,,,,
business,,,,,
movies,,,,,
magazine,,,,,
dining,,,,,
climate,,,,,
opinion,,,,,
us,politics,,,,
technology,,,,,
nyregion,,,,,
arts,,,,,
t-magazine,,,,,
business,,,,,
business,,,,,
business,,,,,
us,,,,,
style,,,,,
nyregion,,,,,
arts,,,,,
opinion,,,,,
world,,,,,
business,,,,,
us,politics,,,,
world,,,,,
technology,,,,,
style,,,,,
learning,,,,,
business,,,,,
us,,,,,
us,politics,,,,
climate,,,,,
science,,,,,
movies,,,,,
arts,,,,,
business,,,,,
technology,,,,,
opinion,,,,,
world,,,,,
us,politics,,,,
arts,,,,,
world,,,,,
opinion,,,,,
nyregion,,,,,
business,,,,,
briefing,,,,,
opinion,,,,,
sports,,,,,
science,,,,,
health,,,,,
world,,,,,
business,,,,,
well,,,,,eat
technology,,,,,
world,,,,,
opinion,,,,,
sports,,,,,
books,,,,,
us,politics,,,,
arts,,,,,
sports,,,,,
business,,,,,
opinion,,,,,
nyregion,,,,,
style,,,,,
realestate,,,,,
briefing,,,,,
us,politics,,,,
sports,,,,,
technology,,,,,
business,,,,,
arts,,,,,
us,politics,,,,
world,,,,,
us,politics,,,,
us,politics,,,,
opinion,,,,,
us,politics,,,,
us,politics,,,,
opinion,,,,,
health,,,,,
sports,,,,,
opinion,,,,,
us,politics,,,,
opinion,,,,,
sports,,,,,
opinion,,,,,
us,politics,,,,
movies,,,,,
opinion,,,,,
us,,,,,
world,,,,,
sports,,,,,
theater,,,,,
crosswords,,,,,
us,,,,,
us,politics,,,,
pageoneplus,,,,,
us,,,,,
podcasts,,,,,
world,,,,,
pageoneplus,,,,,
sports,,,,,
briefing,,,,,
world,,,,,
arts,,,,,
learning,,,,,
learning,,,,,
style,,,,,
business,,,,,
arts,,,,,
business,,,,,
learning,,,,,
theater,,,,,
magazine,,,,,
us,politics,,,,
magazine,,,,,
books,,,,,
books,,,,,
magazine,,,,,
well,,,move,,
well,,family,,,
opinion,,,,,
movies,,,,,
opinion,,,,,
opinion,,,,,
business,,,,,
opinion,,,,,
opinion,,,,,
upshot,,,,,
learning,,,,,
reader-center,,,,,
sports,,,,,
movies,,,,,
nyregion,,,,,
opinion,,,,,
books,,,,,
opinion,,,,,
business,,,,,
travel,,,,,
us,,,,,
arts,,,,,
arts,,,,,
science,,,,,
business,,,,,
science,,,,,
briefing,,,,,
world,,,,,
nyregion,,,,,
business,,,,,
podcasts,,,,,
business,,,,,
us,politics,,,,
sports,,,,,
movies,,,,,
movies,,,,,
movies,,,,,
movies,,,,,
sports,,,,,
us,politics,,,,
business,,,,,
world,,,,,
world,,,,,
style,,,,,
business,,,,,
business,,,,,
business,,,,,
business,,,,,
us,,,,,
t-magazine,,,,,
realestate,,,,,
realestate,,,,,
realestate,,,,,
realestate,,,,,
climate,,,,,
opinion,,,,,
realestate,,,,,
arts,,,,,
world,,,,,
arts,,,,,
t-magazine,,,,,
sports,,,,,
arts,,,,,
world,,,,,
health,,,,,
arts,,,,,
world,,,,,
well,,,,live,
business,,,,,
dining,,,,,
world,,,,,
arts,,,,,
arts,,,,,
world,,,,,
world,,,,,
movies,,,,,
arts,,,,,
learning,,,,,
us,,,,,
upshot,,,,,
books,,,,,
theater,,,,,
us,politics,,,,
us,politics,,,,
nyregion,,,,,
movies,,,,,
us,politics,,,,
arts,,,,,
books,,,,,
theater,,,,,
us,,,,,
us,,,,,
style,,,,,
us,politics,,,,
movies,,,,,
world,,,,,
dining,,,,,
health,,,,,
opinion,,,,,
business,,,,,
arts,,,,,
learning,,,,,
briefing,,,,,
opinion,,,,,
arts,,,,,
opinion,,,,,
learning,,,,,
sports,,,,,
opinion,,,,,
science,,,,,
arts,,,,,
sports,,,,,
opinion,,,,,
arts,,,,,
business,,,,,
technology,,,,,
world,,,,,
arts,,,,,
technology,,,,,
obituaries,,,,,
arts,,,,,
arts,,,,,
arts,,,,,
arts,,,,,
arts,,,,,
movies,,,,,
theater,,,,,
arts,,,,,
smarter-living,,,,,
opinion,,,,,
us,politics,,,,
world,,,,,
us,politics,,,,
nyregion,,,,,
us,politics,,,,
business,,,,,
arts,,,,,
us,,,,,
briefing,,,,,
opinion,,,,,
us,politics,,,,
magazine,,,,,
business,,,,,
opinion,,,,,
arts,,,,,
nyregion,,,,,
arts,,,,,
opinion,,,,,
us,politics,,,,
world,,,,,
nyregion,,,,,
opinion,,,,,
business,,,,,
us,politics,,,,
us,,,,,
us,politics,,,,
us,politics,,,,
us,,,,,
us,politics,,,,
us,politics,,,,
nyregion,,,,,
us,politics,,,,
opinion,,,,,
opinion,,,,,
us,politics,,,,
us,,,,,
us,,,,,
us,politics,,,,
business,,,,,
us,,,,,
world,,,,,
us,politics,,,,
theater,,,,,
sports,,,,,
sports,,,,,
crosswords,,,,,
questions-on-witnesses-and-whistle-blower-at-impeachment-trial.html,,,,,
us,politics,,,,
style,,,,,
todayspaper,,,,,
world,,,,,
world,,,,,
pageoneplus,,,,,
world,,,,,
briefing,,,,,
opinion,,,,,
arts,,,,,
world,,,,,
learning,,,,,
learning,,,,,
briefing,,,,,
arts,,,,,
learning,,,,,
us,politics,,,,
us,politics,,,,
books,,,,,
us,politics,,,,
us,politics,,,,
books,,,,,
us,politics,,,,
us,politics,,,,
world,,,,,
us,politics,,,,
health,,,,,
books,,,,,
learning,,,,,
well,,family,,,
books,,,,,
books,,,,,
books,,,,,
arts,,,,,
nyregion,,,,,
sports,,,,,
sports,,,,,
books,,,,,
sunday-review,,,,,
nyregion,,,,,
realestate,,,,,
opinion,,,,,
opinion,,,,,
opinion,,,,,
nyregion,,,,,
opinion,,,,,
world,,,,,
nyregion,,,,,
travel,,,,,
us,,,,,
opinion,,,,,
opinion,,,,,
business,,,,,
us,politics,,,,
upshot,,,,,
sports,,,,,
health,,,,,
fashion,,,,,
health,,,,,
style,,,,,
nyregion,,,,,
world,,,,,
briefing,,,,,
world,,,,,
podcasts,,,,,
fashion,,,,,
us,,,,,
business,,,,,
movies,,,,,
movies,,,,,
us,politics,,,,
sports,,,,,
sunday-review,,,,,
sports,,,,,
world,,,,,
world,,,,,
us,politics,,,,
us,,,,,
world,,,,,
us,,,,,
technology,,,,,
your-money,,,,,
your-money,,,,,
realestate,,,,,
sports,,,,,
magazine,,,,,
realestate,,,,,
arts,,,,,
arts,,,,,
arts,,,,,
health,,,,,
nyregion,,,,,
dining,,,,,
dining,,,,,
sports,,,,,
dining,,,,,
opinion,,,,,
opinion,,,,,
business,,,,,
world,,,,,
arts,,,,,
opinion,,,,,
style,,,,,
business,,,,,
world,,,,,
t-magazine,,,,,
reader-center,,,,,
us,politics,,,,
dining,,,,,
opinion,,,,,
sports,,,,,
technology,,,,,
style,,,,,
us,politics,,,,
opinion,,,,,
arts,,,,,
dining,,,,,
arts,,,,,
world,,,,,
world,,,,,
world,,,,,
business,,,,,
health,,,,,
business,,,,,
us,,,,,
books,,,,,
business,,,,,
business,,,,,
us,politics,,,,
business,,,,,
arts,,,,,
style,,,,,
arts,,,,,
business,,,,,
books,,,,,
world,,,,,
opinion,,,,,
obituaries,,,,,
movies,,,,,
opinion,,,,,
audio,,,,,
arts,,,,,
arts,,,,,
us,politics,,,,
arts,,,,,
us,politics,,,,
opinion,,,,,
sports,,,,,
world,,,,,
us,politics,,,,
science,,,,,
us,politics,,,,
arts,,,,,
dining,,,,,
science,,,,,
business,,,,,
opinion,,,,,
your-money,,,,,
arts,,,,,
arts,,,,,
world,,,,,
smarter-living,,,,,
us,politics,,,,
us,politics,,,,
podcasts,,,,,
movies,,,,,
style,,,,,
us,,,,,
nyregion,,,,,
us,politics,,,,
arts,,,,,
us,politics,,,,
world,,,,,
briefing,,,,,
health,,,,,
business,,,,,
us,politics,,,,
sports,,,,,
sports,,,,,
health,,,,,
us,politics,,,,
nyregion,,,,,
